﻿<?xml version="1.0" encoding="utf-8"?>
<JustCodeSettings Version="0.0" Timestamp="fbf3afc6-19e5-4b58-b743-2567c35c42f9">
  <IgnoredErrorsAndWarningsSettings xmlns:i="http://www.w3.org/2001/XMLSchema-instance">
    <IgnoredErrorsAndWarnings Version="2">
      <FilePath>
        <FileRelativePath>3.%20Exception/Exception.cs</FileRelativePath>
        <ProjectRelativePath>3.%20Exception/3.%20Exception.csproj</ProjectRelativePath>
        <IgnoredElement>
          <TextualIdentifier>15509603037827340677</TextualIdentifier>
        </IgnoredElement>
      </FilePath>
      <FilePath>
        <FileRelativePath>2.%20Bank/Bank.cs</FileRelativePath>
        <ProjectRelativePath>2.%20Bank/2.%20Bank.csproj</ProjectRelativePath>
        <IgnoredElement>
          <TextualIdentifier>2364509169796224914</TextualIdentifier>
        </IgnoredElement>
      </FilePath>
      <FilePath>
        <FileRelativePath>2.%20Bank/CompanyCustomer.cs</FileRelativePath>
        <ProjectRelativePath>2.%20Bank/2.%20Bank.csproj</ProjectRelativePath>
        <IgnoredElement>
          <TextualIdentifier>16583939156610631865</TextualIdentifier>
        </IgnoredElement>
      </FilePath>
      <FilePath>
        <FileRelativePath>2.%20Bank/Customer.cs</FileRelativePath>
        <ProjectRelativePath>2.%20Bank/2.%20Bank.csproj</ProjectRelativePath>
        <IgnoredElement>
          <TextualIdentifier>5981317473196659766</TextualIdentifier>
        </IgnoredElement>
      </FilePath>
      <FilePath>
        <FileRelativePath>2.%20Bank/Deposit.cs</FileRelativePath>
        <ProjectRelativePath>2.%20Bank/2.%20Bank.csproj</ProjectRelativePath>
        <IgnoredElement>
          <TextualIdentifier>17631012239376280819</TextualIdentifier>
        </IgnoredElement>
      </FilePath>
      <FilePath>
        <FileRelativePath>2.%20Bank/IDepositable.cs</FileRelativePath>
        <ProjectRelativePath>2.%20Bank/2.%20Bank.csproj</ProjectRelativePath>
        <IgnoredElement>
          <TextualIdentifier>5322106535534304260</TextualIdentifier>
        </IgnoredElement>
      </FilePath>
      <FilePath>
        <FileRelativePath>2.%20Bank/IInterestable.cs</FileRelativePath>
        <ProjectRelativePath>2.%20Bank/2.%20Bank.csproj</ProjectRelativePath>
        <IgnoredElement>
          <TextualIdentifier>8253668623574641929</TextualIdentifier>
        </IgnoredElement>
      </FilePath>
      <FilePath>
        <FileRelativePath>2.%20Bank/IndividualCustomer.cs</FileRelativePath>
        <ProjectRelativePath>2.%20Bank/2.%20Bank.csproj</ProjectRelativePath>
        <IgnoredElement>
          <TextualIdentifier>5052619985965222458</TextualIdentifier>
        </IgnoredElement>
      </FilePath>
      <FilePath>
        <FileRelativePath>2.%20Bank/IPrintable.cs</FileRelativePath>
        <ProjectRelativePath>2.%20Bank/2.%20Bank.csproj</ProjectRelativePath>
        <IgnoredElement>
          <TextualIdentifier>14135156082081978518</TextualIdentifier>
        </IgnoredElement>
      </FilePath>
      <FilePath>
        <FileRelativePath>2.%20Bank/IWithdraw.cs</FileRelativePath>
        <ProjectRelativePath>2.%20Bank/2.%20Bank.csproj</ProjectRelativePath>
        <IgnoredElement>
          <TextualIdentifier>7412392300028339649</TextualIdentifier>
        </IgnoredElement>
      </FilePath>
      <FilePath>
        <FileRelativePath>2.%20Bank/Loan.cs</FileRelativePath>
        <ProjectRelativePath>2.%20Bank/2.%20Bank.csproj</ProjectRelativePath>
        <IgnoredElement>
          <TextualIdentifier>2357172994967199686</TextualIdentifier>
        </IgnoredElement>
      </FilePath>
      <FilePath>
        <FileRelativePath>2.%20Bank/Mortgage.cs</FileRelativePath>
        <ProjectRelativePath>2.%20Bank/2.%20Bank.csproj</ProjectRelativePath>
        <IgnoredElement>
          <TextualIdentifier>54055705292806300</TextualIdentifier>
        </IgnoredElement>
      </FilePath>
      <FilePath>
        <FileRelativePath>2.%20Bank/Acount.cs</FileRelativePath>
        <ProjectRelativePath>2.%20Bank/2.%20Bank.csproj</ProjectRelativePath>
        <IgnoredElement>
          <TextualIdentifier>6659017599231889437</TextualIdentifier>
        </IgnoredElement>
      </FilePath>
      <FilePath>
        <FileRelativePath>1.%20Shapes/Shapes.cs</FileRelativePath>
        <ProjectRelativePath>1.%20Shapes/1.%20Shapes.csproj</ProjectRelativePath>
        <IgnoredElement>
          <TextualIdentifier>4576230000041503074</TextualIdentifier>
        </IgnoredElement>
      </FilePath>
      <FilePath>
        <FileRelativePath>1.%20Shapes/Triangle.cs</FileRelativePath>
        <ProjectRelativePath>1.%20Shapes/1.%20Shapes.csproj</ProjectRelativePath>
        <IgnoredElement>
          <TextualIdentifier>5085416785728828632</TextualIdentifier>
        </IgnoredElement>
      </FilePath>
      <FilePath>
        <FileRelativePath>1.%20Shapes/Circle.cs</FileRelativePath>
        <ProjectRelativePath>1.%20Shapes/1.%20Shapes.csproj</ProjectRelativePath>
        <IgnoredElement>
          <TextualIdentifier>10287142264092476450</TextualIdentifier>
        </IgnoredElement>
      </FilePath>
      <FilePath>
        <FileRelativePath>1.%20Shapes/Rectangle.cs</FileRelativePath>
        <ProjectRelativePath>1.%20Shapes/1.%20Shapes.csproj</ProjectRelativePath>
        <IgnoredElement>
          <TextualIdentifier>3764523809800670764</TextualIdentifier>
        </IgnoredElement>
      </FilePath>
      <FilePath>
        <FileRelativePath>1.%20Shapes/Shape.cs</FileRelativePath>
        <ProjectRelativePath>1.%20Shapes/1.%20Shapes.csproj</ProjectRelativePath>
        <IgnoredElement>
          <TextualIdentifier>3285790743123090494</TextualIdentifier>
        </IgnoredElement>
      </FilePath>
      <FilePath>
        <FileRelativePath>3.%20Exception/InvalidRangeException.cs</FileRelativePath>
        <ProjectRelativePath>3.%20Exception/3.%20Exception.csproj</ProjectRelativePath>
        <IgnoredElement>
          <TextualIdentifier>13402434197051676461</TextualIdentifier>
        </IgnoredElement>
      </FilePath>
    </IgnoredErrorsAndWarnings>
  </IgnoredErrorsAndWarningsSettings>
</JustCodeSettings>