﻿<?xml version="1.0" encoding="utf-8"?>
<JustCodeSettings Version="0.0" Timestamp="2a8e28ef-9141-499d-a70d-1a738cda3442">
  <IgnoredErrorsAndWarningsSettings xmlns:i="http://www.w3.org/2001/XMLSchema-instance">
    <IgnoredErrorsAndWarnings Version="2">
      <FilePath>
        <FileRelativePath>MobilePhone/MobilePhone.cs</FileRelativePath>
        <ProjectRelativePath>MobilePhone/MobilePhone.csproj</ProjectRelativePath>
        <IgnoredElement>
          <TextualIdentifier>6877386577883093753</TextualIdentifier>
        </IgnoredElement>
      </FilePath>
      <FilePath>
        <FileRelativePath>MobilePhone/Gsm.cs</FileRelativePath>
        <ProjectRelativePath>MobilePhone/MobilePhone.csproj</ProjectRelativePath>
        <IgnoredElement>
          <TextualIdentifier>17873797428044749678</TextualIdentifier>
        </IgnoredElement>
        <IgnoredElement>
          <TextualIdentifier>15034448961687525564</TextualIdentifier>
        </IgnoredElement>
      </FilePath>
      <FilePath>
        <FileRelativePath>MobilePhone/Display.cs</FileRelativePath>
        <ProjectRelativePath>MobilePhone/MobilePhone.csproj</ProjectRelativePath>
        <IgnoredElement>
          <TextualIdentifier>10395577574764579199</TextualIdentifier>
        </IgnoredElement>
      </FilePath>
      <FilePath>
        <FileRelativePath>MobilePhone/Battery.cs</FileRelativePath>
        <ProjectRelativePath>MobilePhone/MobilePhone.csproj</ProjectRelativePath>
        <IgnoredElement>
          <TextualIdentifier>10715565784700315818</TextualIdentifier>
        </IgnoredElement>
      </FilePath>
      <FilePath>
        <FileRelativePath>MobilePhone/Gsm.cs</FileRelativePath>
        <ProjectRelativePath>MobilePhone/1.MobilePhone.csproj</ProjectRelativePath>
        <IgnoredElement>
          <TextualIdentifier>14822172724520464078</TextualIdentifier>
        </IgnoredElement>
        <IgnoredElement>
          <TextualIdentifier>4428947273260072171</TextualIdentifier>
        </IgnoredElement>
        <IgnoredElement>
          <TextualIdentifier>14149890005970763010</TextualIdentifier>
        </IgnoredElement>
        <IgnoredElement>
          <TextualIdentifier>16633006733615126787</TextualIdentifier>
        </IgnoredElement>
        <IgnoredElement>
          <TextualIdentifier>3278163711715848321</TextualIdentifier>
        </IgnoredElement>
        <IgnoredElement>
          <TextualIdentifier>5400774004607646444</TextualIdentifier>
        </IgnoredElement>
        <IgnoredElement>
          <TextualIdentifier>418581777906310349</TextualIdentifier>
        </IgnoredElement>
        <IgnoredElement>
          <TextualIdentifier>5843528751472733863</TextualIdentifier>
        </IgnoredElement>
      </FilePath>
      <FilePath>
        <FileRelativePath>MobilePhone/Display.cs</FileRelativePath>
        <ProjectRelativePath>MobilePhone/1.MobilePhone.csproj</ProjectRelativePath>
        <IgnoredElement>
          <TextualIdentifier>6356409807966510033</TextualIdentifier>
        </IgnoredElement>
        <IgnoredElement>
          <TextualIdentifier>10395577574764579199</TextualIdentifier>
        </IgnoredElement>
      </FilePath>
      <FilePath>
        <FileRelativePath>MobilePhone/Battery.cs</FileRelativePath>
        <ProjectRelativePath>MobilePhone/1.MobilePhone.csproj</ProjectRelativePath>
        <IgnoredElement>
          <TextualIdentifier>7184831279345892965</TextualIdentifier>
        </IgnoredElement>
        <IgnoredElement>
          <TextualIdentifier>10383384471655300009</TextualIdentifier>
        </IgnoredElement>
        <IgnoredElement>
          <TextualIdentifier>11982551226761328476</TextualIdentifier>
        </IgnoredElement>
        <IgnoredElement>
          <TextualIdentifier>8094169716802739062</TextualIdentifier>
        </IgnoredElement>
        <IgnoredElement>
          <TextualIdentifier>10715565784700315818</TextualIdentifier>
        </IgnoredElement>
      </FilePath>
      <FilePath>
        <FileRelativePath>MobilePhone/MobilePhone.cs</FileRelativePath>
        <ProjectRelativePath>MobilePhone/1.MobilePhone.csproj</ProjectRelativePath>
        <IgnoredElement>
          <TextualIdentifier>6877386577883093753</TextualIdentifier>
        </IgnoredElement>
        <IgnoredElement>
          <TextualIdentifier>12842937231649901706</TextualIdentifier>
        </IgnoredElement>
        <IgnoredElement>
          <TextualIdentifier>3874742002504593243</TextualIdentifier>
        </IgnoredElement>
      </FilePath>
      <FilePath>
        <FileRelativePath>MobilePhone/Call.cs</FileRelativePath>
        <ProjectRelativePath>MobilePhone/1.MobilePhone.csproj</ProjectRelativePath>
        <IgnoredElement>
          <TextualIdentifier>3916324364197261629</TextualIdentifier>
        </IgnoredElement>
      </FilePath>
    </IgnoredErrorsAndWarnings>
  </IgnoredErrorsAndWarningsSettings>
</JustCodeSettings>