﻿<?xml version="1.0" encoding="utf-8"?>
<JustCodeSettings Version="0.0" Timestamp="d6ad8fb5-de72-4157-b1a4-4816faee72fc">
  <IgnoredErrorsAndWarningsSettings xmlns:i="http://www.w3.org/2001/XMLSchema-instance">
    <IgnoredErrorsAndWarnings Version="2">
      <FilePath>
        <FileRelativePath>1.%20School/School.cs</FileRelativePath>
        <ProjectRelativePath>1.%20School/1.%20School.csproj</ProjectRelativePath>
        <IgnoredElement>
          <TextualIdentifier>12961908957675924632</TextualIdentifier>
        </IgnoredElement>
      </FilePath>
      <FilePath>
        <FileRelativePath>1.%20School/TheSchool.cs</FileRelativePath>
        <ProjectRelativePath>1.%20School/1.%20School.csproj</ProjectRelativePath>
        <IgnoredElement>
          <TextualIdentifier>16021180386691259981</TextualIdentifier>
        </IgnoredElement>
      </FilePath>
      <FilePath>
        <FileRelativePath>1.%20School/Human.cs</FileRelativePath>
        <ProjectRelativePath>1.%20School/1.%20School.csproj</ProjectRelativePath>
        <IgnoredElement>
          <TextualIdentifier>10948225247641873087</TextualIdentifier>
        </IgnoredElement>
      </FilePath>
      <FilePath>
        <FileRelativePath>1.%20School/ICommentable.cs</FileRelativePath>
        <ProjectRelativePath>1.%20School/1.%20School.csproj</ProjectRelativePath>
        <IgnoredElement>
          <TextualIdentifier>10910394901431651260</TextualIdentifier>
        </IgnoredElement>
      </FilePath>
      <FilePath>
        <FileRelativePath>1.%20School/Student.cs</FileRelativePath>
        <ProjectRelativePath>1.%20School/1.%20School.csproj</ProjectRelativePath>
        <IgnoredElement>
          <TextualIdentifier>18151134946634825683</TextualIdentifier>
        </IgnoredElement>
      </FilePath>
      <FilePath>
        <FileRelativePath>1.%20School/Discipline.cs</FileRelativePath>
        <ProjectRelativePath>1.%20School/1.%20School.csproj</ProjectRelativePath>
        <IgnoredElement>
          <TextualIdentifier>7703544197433628981</TextualIdentifier>
        </IgnoredElement>
      </FilePath>
      <FilePath>
        <FileRelativePath>1.%20School/Teacher.cs</FileRelativePath>
        <ProjectRelativePath>1.%20School/1.%20School.csproj</ProjectRelativePath>
        <IgnoredElement>
          <TextualIdentifier>4652027839450592321</TextualIdentifier>
        </IgnoredElement>
      </FilePath>
      <FilePath>
        <FileRelativePath>1.%20School/TheClass.cs</FileRelativePath>
        <ProjectRelativePath>1.%20School/1.%20School.csproj</ProjectRelativePath>
        <IgnoredElement>
          <TextualIdentifier>15244466819701908101</TextualIdentifier>
        </IgnoredElement>
      </FilePath>
      <FilePath>
        <FileRelativePath>1.%20School/Ext.cs</FileRelativePath>
        <ProjectRelativePath>1.%20School/1.%20School.csproj</ProjectRelativePath>
        <IgnoredElement>
          <TextualIdentifier>15111494101539025393</TextualIdentifier>
        </IgnoredElement>
        <IgnoredElement>
          <TextualIdentifier>8117511243913872820</TextualIdentifier>
        </IgnoredElement>
      </FilePath>
    </IgnoredErrorsAndWarnings>
  </IgnoredErrorsAndWarningsSettings>
</JustCodeSettings>