﻿<?xml version="1.0" encoding="utf-8"?>
<JustCodeSettings Version="0.0" Timestamp="a17320ad-7ed8-4e86-853e-9a02ea05c835">
  <IgnoredErrorsAndWarningsSettings xmlns:i="http://www.w3.org/2001/XMLSchema-instance">
    <IgnoredErrorsAndWarnings Version="2">
      <FilePath>
        <FileRelativePath>Matrix/Matrix.cs</FileRelativePath>
        <ProjectRelativePath>Matrix/8-10.%20Matrix.csproj</ProjectRelativePath>
        <IgnoredElement>
          <TextualIdentifier>15212895101660634025</TextualIdentifier>
        </IgnoredElement>
      </FilePath>
      <FilePath>
        <FileRelativePath>Attribute/Attribute.cs</FileRelativePath>
        <ProjectRelativePath>Attribute/11.%20Attribute.csproj</ProjectRelativePath>
        <IgnoredElement>
          <TextualIdentifier>13823197222839567127</TextualIdentifier>
        </IgnoredElement>
      </FilePath>
      <FilePath>
        <FileRelativePath>GenericList/GenericList.cs</FileRelativePath>
        <ProjectRelativePath>GenericList/5-7.%20GenericList.csproj</ProjectRelativePath>
        <IgnoredElement>
          <TextualIdentifier>17757325734474409645</TextualIdentifier>
        </IgnoredElement>
      </FilePath>
      <FilePath>
        <FileRelativePath>GenericList/List.cs</FileRelativePath>
        <ProjectRelativePath>GenericList/5-7.%20GenericList.csproj</ProjectRelativePath>
        <IgnoredElement>
          <TextualIdentifier>10284096934548583142</TextualIdentifier>
        </IgnoredElement>
        <IgnoredElement>
          <TextualIdentifier>10057936521814175711</TextualIdentifier>
        </IgnoredElement>
      </FilePath>
      <FilePath>
        <FileRelativePath>Matrix/MatrixClass.cs</FileRelativePath>
        <ProjectRelativePath>Matrix/8-10.%20Matrix.csproj</ProjectRelativePath>
        <IgnoredElement>
          <TextualIdentifier>12382216478181617098</TextualIdentifier>
        </IgnoredElement>
      </FilePath>
      <FilePath>
        <FileRelativePath>Point/Point3D.cs</FileRelativePath>
        <ProjectRelativePath>Point/1-4.%20Point.csproj</ProjectRelativePath>
        <IgnoredElement>
          <TextualIdentifier>2043309534670751645</TextualIdentifier>
        </IgnoredElement>
        <IgnoredElement>
          <TextualIdentifier>15455390189526768909</TextualIdentifier>
        </IgnoredElement>
        <IgnoredElement>
          <TextualIdentifier>16848944849278818445</TextualIdentifier>
        </IgnoredElement>
        <IgnoredElement>
          <TextualIdentifier>2795919931422460556</TextualIdentifier>
        </IgnoredElement>
        <IgnoredElement>
          <TextualIdentifier>9405664849140269597</TextualIdentifier>
        </IgnoredElement>
      </FilePath>
      <FilePath>
        <FileRelativePath>Point/PointStorage.cs</FileRelativePath>
        <ProjectRelativePath>Point/1-4.%20Point.csproj</ProjectRelativePath>
        <IgnoredElement>
          <TextualIdentifier>6259649310000380287</TextualIdentifier>
        </IgnoredElement>
        <IgnoredElement>
          <TextualIdentifier>1972888637064577334</TextualIdentifier>
        </IgnoredElement>
      </FilePath>
      <FilePath>
        <FileRelativePath>Point/Distance.cs</FileRelativePath>
        <ProjectRelativePath>Point/1-4.%20Point.csproj</ProjectRelativePath>
        <IgnoredElement>
          <TextualIdentifier>9453683582168428297</TextualIdentifier>
        </IgnoredElement>
      </FilePath>
      <FilePath>
        <FileRelativePath>Point/Path.cs</FileRelativePath>
        <ProjectRelativePath>Point/1-4.%20Point.csproj</ProjectRelativePath>
        <IgnoredElement>
          <TextualIdentifier>9419970866470522563</TextualIdentifier>
        </IgnoredElement>
        <IgnoredElement>
          <TextualIdentifier>14858545062154627371</TextualIdentifier>
        </IgnoredElement>
      </FilePath>
      <FilePath>
        <FileRelativePath>Point/Point.cs</FileRelativePath>
        <ProjectRelativePath>Point/1-4.%20Point.csproj</ProjectRelativePath>
        <IgnoredElement>
          <TextualIdentifier>3223407489399204664</TextualIdentifier>
        </IgnoredElement>
      </FilePath>
      <FilePath>
        <FileRelativePath>Attribute/VersionAttribute.cs</FileRelativePath>
        <ProjectRelativePath>Attribute/11.%20Attribute.csproj</ProjectRelativePath>
        <IgnoredElement>
          <TextualIdentifier>13670130820045388076</TextualIdentifier>
        </IgnoredElement>
      </FilePath>
    </IgnoredErrorsAndWarnings>
  </IgnoredErrorsAndWarningsSettings>
</JustCodeSettings>